partnerName,pathwaySlug,partnerPathwayRank
Emblem Health,end-stage-renal-disease,1
Emblem Health,palliative-care,2
Emblem Health,pregnancy,3
Emblem Health,housing,4
Emblem Health,substance-use,5
Emblem Health,chronic-kidney-disease,6
Emblem Health,serious-mental-illness,7
ConnectiCare,palliative-care,1
ConnectiCare,substance-use,2
ConnectiCare,serious-mental-illness,3
Tufts,pregnancy,1
Tufts,palliative-care,2
Tufts,housing,3
Tufts,substance-use,4
Tufts,serious-mental-illness,5
CareFirst,pregnancy,1
CareFirst,end-stage-renal-disease,2
CareFirst,palliative-care,3
CareFirst,housing,4
CareFirst,substance-use,5
CareFirst,serious-mental-illness,6
CareFirst,chronic-kidney-disease,7
Healthy Blue,pregnancy,1
Healthy Blue,substance-use,2
Healthy Blue,serious-mental-illness,3
Cardinal,pregnancy,1
Cardinal,substance-use,2
Cardinal,serious-mental-illness,3
